fold,baseline_ms,wce_ms,baseline_matched_ms,wce_matched_ms
1,13.257,18.652,18.739,18.694
2,16.024,12.181,13.087,13.542
3,11.618,13.389,13.295,13.596
4,12.56,12.329,12.012,12.553
5,11.845,11.791,11.936,11.524
6,12.999,12.877,12.538,12.263
7,13.738,11.539,11.785,13.478
8,12.103,13.591,13.302,14.964
9,11.671,13.266,13.299,13.049
10,12.7,12.125,12.08,12.157
11,13.441,13.606,13.14,13.412
12,11.565,11.837,12.725,11.422
13,12.119,19.292,20.528,18.552
14,11.868,11.962,12.659,11.756
15,18.703,12.343,11.753,11.88
16,12.745,15.417,14.998,14.358
17,12.283,14.051,13.468,13.638
18,14.363,12.68,11.685,11.936
19,13.462,12.268,12.261,12.758
20,14.06,11.919,12.126,11.597
21,11.764,11.819,11.495,11.511
22,13.764,11.818,11.648,11.48
23,12.488,13.631,13.194,18.177
24,12.689,14.889,13.85,13.915
25,16.388,13.468,13.597,14.606
26,13.385,12.132,13.051,11.821
27,13.666,16.005,14.461,13.854
28,11.682,12.723,11.263,11.264
29,27.21,13.064,12.003,11.984
30,13.63,13.914,13.343,13.869
31,11.722,13.957,14.252,14.042
32,11.609,12.229,11.787,11.576
33,12.648,12.374,12.27,12.138
34,12.126,11.68,11.535,11.453
35,16.002,14.157,14.436,14.037
36,14.288,12.277,12.308,12.222
37,12.049,11.992,11.889,11.697
38,12.396,12.368,13.038,11.448
39,11.947,12.035,12.332,11.998
40,17.535,16.525,16.269,16.41
41,12.393,13.585,13.424,13.409
42,18.826,12.068,11.501,12.081
43,11.699,13.412,13.473,13.273
44,11.961,11.88,11.632,11.524
45,11.797,12.127,11.606,11.571
46,11.777,14.185,13.085,13.4
47,11.83,14.081,13.376,13.554
48,11.535,18.858,19.241,18.533
49,13.501,11.91,11.515,11.957
50,13.455,11.921,11.819,11.515
