fold,baseline_depth,wce_depth,wce_lambda
1,3,5,1.5
2,3,2,1.5
3,2,3,1.5
4,2,2,1.5
5,2,2,1.5
6,2,2,1.5
7,3,2,1.5
8,2,3,1.25
9,2,3,1.5
10,2,2,1.5
11,3,3,1.5
12,2,2,1.25
13,2,5,1.25
14,2,2,1.25
15,5,2,1.25
16,2,3,1.25
17,2,3,1.5
18,3,2,1.25
19,2,2,1.5
20,3,2,1.25
21,2,2,1.25
22,3,2,1.5
23,2,3,1.5
24,2,3,1.25
25,3,3,1.5
26,3,2,1.25
27,3,3,1.25
28,2,2,1.5
29,7,2,1.25
30,3,3,1.25
31,2,3,1.5
32,2,2,1.5
33,2,2,1.25
34,2,2,1.25
35,3,3,1.5
36,3,2,1.25
37,2,2,1.5
38,2,2,1.25
39,2,2,1.5
40,3,3,1.5
41,2,3,1.5
42,5,2,1.25
43,2,3,1.5
44,2,2,1.5
45,2,2,1.25
46,2,3,1.25
47,2,3,1.25
48,2,5,1.5
49,3,2,1.5
50,3,2,1.25
