fold,KAB-XGBoost-WCE,Baseline XGBoost,Stock scale_pos_weight,Decision Tree,Naive Bayes,Logistic Regression,SVM,Random Forest
1,0.6127617430673458,0.6032489182095482,0.5931623931623932,0.6584385763490241,0.5709437963944857,0.628968253968254,0.5783730158730158,0.5877695298692118
2,0.705549664192294,0.6972866026003393,0.6887239307175681,0.6349432831561674,0.6806497175141243,0.6795634920634921,0.6889877798968709,0.7141040135669869
3,0.6887239307175681,0.671433628318584,0.6632710809281268,0.6718981972428419,0.6370149677236292,0.6957386363636364,0.7017543859649122,0.6833513124775261
4,0.7223753976670202,0.7394221939676485,0.7141040135669869,0.6718981972428419,0.6636517806670434,0.7478813559322034,0.7141040135669869,0.7309214245336348
5,0.6795634920634921,0.6801075268817205,0.6804691916336914,0.6538979924806696,0.5709437963944857,0.7058823529411765,0.628125,0.7309214245336348
6,0.6969439728353142,0.6957386363636364,0.6889877798968709,0.6847117794486215,0.6191593770002134,0.6788352272727273,0.6470338983050847,0.6972866026003393
7,0.7306168647425014,0.7142655367231638,0.7142655367231638,0.6890756302521008,0.7470238095238095,0.6972866026003393,0.7118233618233618,0.6788352272727273
8,0.6009784876609828,0.6244212962962963,0.6244212962962963,0.533864827982475,0.6183974128638161,0.6431451612903225,0.5743145743145743,0.5823159719713935
9,0.7372692666810314,0.7117816091954023,0.7372692666810314,0.6403483309143687,0.7028563205986043,0.7540783327344592,0.711864406779661,0.7115329306873741
10,0.6523176428314768,0.7023423423423423,0.6764790764790765,0.6436583261432269,0.6494964862711005,0.6853333333333333,0.6858766817756674,0.6692777578153072
11,0.7142655367231638,0.7226890756302521,0.7226890756302521,0.6609686609686609,0.6779202279202279,0.6972866026003393,0.671433628318584,0.705549664192294
12,0.6974576271186441,0.7226890756302521,0.7226890756302521,0.6300169587337479,0.5963821368004523,0.7219823008849557,0.7058823529411765,0.7058823529411765
13,0.7226107226107226,0.7310734463276836,0.7226890756302521,0.6636517806670434,0.6721763085399448,0.7142655367231638,0.7226890756302521,0.6974576271186441
14,0.5694828686954672,0.5454159592529711,0.5544960090414637,0.6127617430673458,0.6718981972428419,0.5963821368004523,0.5709437963944857,0.5592592592592592
15,0.6876640419947506,0.6876640419947506,0.6876640419947506,0.6722689075630253,0.6165413533834586,0.7219823008849557,0.6427958833619211,0.6320028766630708
16,0.6609686609686609,0.6538979924806696,0.6538979924806696,0.7306168647425014,0.6201319429665886,0.6868643766446199,0.6519226653349504,0.6768153230417382
17,0.7057992512537967,0.6806497175141243,0.6890756302521008,0.6887239307175681,0.7142655367231638,0.6721763085399448,0.6721763085399448,0.6889877798968709
18,0.5732060185185186,0.5662702702702702,0.5662702702702702,0.6270114942528735,0.5743145743145743,0.5902777777777778,0.5434703263011899,0.5492612612612613
19,0.7711700064641241,0.728735632183908,0.7288135593220338,0.7105339105339106,0.669467787114846,0.6864181570063923,0.7117816091954023,0.6862378727991376
20,0.7456896551724138,0.7201581027667985,0.7115329306873741,0.6546678372841674,0.6775956284153005,0.6949152542372882,0.6949152542372882,0.6941244239631337
21,0.628968253968254,0.6045952633439378,0.6045952633439378,0.5464221503056454,0.5798022598870056,0.6050420168067226,0.6382467302933899,0.6458333333333333
22,0.7057992512537967,0.7057992512537967,0.7141040135669869,0.6320028766630708,0.6049304231122412,0.6974576271186441,0.6974576271186441,0.6538979924806696
23,0.7310734463276836,0.7646892655367232,0.7478813559322034,0.627065527065527,0.6722689075630253,0.7226107226107226,0.705549664192294,0.7051327433628318
24,0.719840194050082,0.7017543859649122,0.7017543859649122,0.6218487394957983,0.6619318181818181,0.7004674577490111,0.6506265664160401,0.7175836030204963
25,0.6890756302521008,0.6882831858407079,0.6882831858407079,0.6699381267335183,0.6779202279202279,0.6804691916336914,0.6632710809281268,0.6858814296925162
26,0.705549664192294,0.6974576271186441,0.7057992512537967,0.6397058823529411,0.6165413533834586,0.6969439728353142,0.6121031746031746,0.6721763085399448
27,0.630225988700565,0.6470338983050847,0.6470338983050847,0.5703362831858407,0.6889877798968709,0.6045952633439378,0.6134180790960453,0.6214209968186639
28,0.7707748758903519,0.7877545147132887,0.7877545147132887,0.728735632183908,0.7198359594215411,0.7540783327344592,0.7285015818234111,0.7111175115207373
29,0.5927523727351165,0.6343063063063064,0.6343063063063064,0.5779253960143076,0.6172972972972973,0.6505092826699415,0.6009784876609828,0.5832792792792793
30,0.6864181570063923,0.6949152542372882,0.6949152542372882,0.6016663075486605,0.6778735632183908,0.6692777578153072,0.6858766817756674,0.6601382488479263
31,0.6385533658260931,0.630225988700565,0.6218487394957983,0.5824561403508772,0.6470338983050847,0.6470338983050847,0.6131995477671001,0.6464346349745331
32,0.705549664192294,0.7141040135669869,0.6887239307175681,0.6084667690282957,0.6638418079096045,0.7394221939676485,0.7141040135669869,0.655364837183019
33,0.7309214245336348,0.7309214245336348,0.7394221939676485,0.6257861635220126,0.6053921568627452,0.6804691916336914,0.671433628318584,0.6964285714285714
34,0.6882831858407079,0.6972866026003393,0.6718981972428419,0.6568627450980392,0.7207168764668231,0.7142655367231638,0.6948717948717948,0.6609686609686609
35,0.7976190476190477,0.7976190476190477,0.7976190476190477,0.7214300915088316,0.6632710809281268,0.7645562464669304,0.6969439728353142,0.7141040135669869
36,0.7725309734513275,0.7642897566496887,0.7811262026032824,0.7226890756302521,0.7376431263779248,0.7464488636363636,0.7545693762890264,0.7556814159292036
37,0.6134180790960453,0.6214209968186639,0.6214209968186639,0.571078431372549,0.6386554621848739,0.6468343697003958,0.6300169587337479,0.6217418944691673
38,0.6431451612903225,0.6091589861751152,0.6431451612903225,0.5624863685932389,0.6270114942528735,0.6601382488479263,0.598203289140042,0.632398753894081
39,0.7198359594215411,0.7115329306873741,0.7115329306873741,0.6594516594516595,0.6779661016949152,0.6945642795513374,0.6778735632183908,0.7201581027667985
40,0.6164126273206675,0.6014372978799856,0.6179581264839198,0.567019210015109,0.5561342592592593,0.5757837215990796,0.5993642996460304,0.6523176428314768
41,0.7295454545454545,0.7295454545454545,0.7295454545454545,0.671433628318584,0.6957386363636364,0.7118233618233618,0.6948717948717948,0.6876640419947506
42,0.6470338983050847,0.630225988700565,0.6217418944691673,0.655364837183019,0.5366371681415929,0.655364837183019,0.655364837183019,0.6377345132743363
43,0.6382467302933899,0.6208849557522125,0.6377345132743363,0.6450284090909091,0.5881189517553154,0.6464346349745331,0.5713074803983895,0.5966101694915253
44,0.7137804187889077,0.6964285714285714,0.6964285714285714,0.6584385763490241,0.628968253968254,0.6974576271186441,0.6626984126984128,0.6887239307175681
45,0.6450284090909091,0.6450284090909091,0.628968253968254,0.5670257544410359,0.7118233618233618,0.636085626911315,0.6545840707964602,0.6530118768224167
46,0.6804691916336914,0.6636517806670434,0.655364837183019,0.6378260869565218,0.6619318181818181,0.6470338983050847,0.6632710809281268,0.6295981890209394
47,0.6911764705882353,0.6676691729323307,0.6676691729323307,0.6788352272727273,0.6948717948717948,0.7108347627215552,0.6627425332461303,0.6925947187141217
48,0.7540783327344592,0.7796610169491526,0.7881203763556704,0.6892010535557507,0.6688970429527304,0.7033685268979386,0.7198359594215411,0.7031979877829679
49,0.6525174172232996,0.6439655172413794,0.6439655172413794,0.6266896750071902,0.6097210238711532,0.6606269772792637,0.6606269772792637,0.6778735632183908
50,0.7710384477182897,0.7372692666810314,0.7201581027667985,0.7097800925925926,0.7259796806966619,0.7285015818234111,0.711864406779661,0.7033685268979386
